90,?,77053,HS-grad,9,Widowed,?,Not-in-family,White,Female,0,4356,40,United-States,>50K
82,Private,132870,HS-grad,9,Widowed,Exec-managerial,Not-in-family,White,Female,0,4356,18,United-States,>50K
66,?,186061,Some-college,10,Widowed,?,Unmarried,Black,Female,0,4356,40,United-States,<50K
54,Private,140359,7th-8th,4,Divorced,Machine-op-inspct,Unmarried,White,Female,0,3900,40,United-States,>50K
41,Private,264663,Some-college,10,Separated,Prof-specialty,Own-child,White,Female,0,3900,40,United-States,>50K
34,Private,216864,HS-grad,9,Divorced,Other-service,Unmarried,White,Female,0,3770,45,United-States,>50K
38,Private,150601,10th,6,Separated,Adm-clerical,Unmarried,White,Male,0,3770,40,United-States,>50K
74,State-gov,88638,Doctorate,16,Never-married,Prof-specialty,Other-relative,White,Female,0,3683,20,United-States,>50K
68,Federal-gov,422013,HS-grad,9,Divorced,Prof-specialty,Not-in-family,White,Female,0,3683,40,United-States,>50K
41,Private,70037,Some-college,10,Never-married,Craft-repair,Unmarried,White,Male,0,3004,60,?,>50K
45,Private,172274,Doctorate,16,Divorced,Prof-specialty,Unmarried,Black,Female,0,3004,35,United-States,<50K
38,Self-emp-not-inc,164526,Prof-school,15,Never-married,Prof-specialty,Not-in-family,White,Male,0,2824,45,United-States,>50K
52,Private,129177,Bachelors,13,Widowed,Other-service,Not-in-family,White,Female,0,2824,20,United-States,>50K
32,Private,136204,Masters,14,Separated,Exec-managerial,Not-in-family,White,Male,0,2824,55,United-States,>50K
51,?,172175,Doctorate,16,Never-married,?,Not-in-family,White,Male,0,2824,40,United-States,>50K
46,Private,45363,Prof-school,15,Divorced,Prof-specialty,Not-in-family,White,Male,0,2824,40,United-States,>50K
45,Private,172822,11th,7,Divorced,Transport-moving,Not-in-family,White,Male,0,2824,76,United-States,>50K
57,Private,317847,Masters,14,Divorced,Exec-managerial,Not-in-family,White,Male,0,2824,50,United-States,>50K
22,Private,119592,Assoc-acdm,12,Never-married,Handlers-cleaners,Not-in-family,Black,Male,0,2824,40,?,<50K
34,Private,203034,Bachelors,13,Separated,Sales,Not-in-family,White,Male,0,2824,50,United-States,>50K
37,Private,188774,Bachelors,13,Never-married,Exec-managerial,Not-in-family,White,Male,0,2824,40,United-States,>50K
29,Private,77009,11th,7,Separated,Sales,Not-in-family,White,Female,0,2754,42,United-States,>50K
61,Private,29059,HS-grad,9,Divorced,Sales,Unmarried,White,Female,0,2754,25,United-States,>50K
51,Private,153870,Some-college,10,Married-civ-spouse,Transport-moving,Husband,White,Male,0,2603,40,United-States,>50K
61,?,135285,HS-grad,9,Married-civ-spouse,?,Husband,White,Male,0,2603,32,United-States,>50K
21,Private,34310,Assoc-voc,11,Married-civ-spouse,Craft-repair,Husband,White,Male,0,2603,40,United-States,>50K
33,Private,228696,1st-4th,2,Married-civ-spouse,Craft-repair,Not-in-family,White,Male,0,2603,32,Mexico,>50K
49,Private,122066,5th-6th,3,Married-civ-spouse,Other-service,Husband,White,Male,0,2603,40,Greece,>50K
37,Self-emp-inc,107164,10th,6,Never-married,Transport-moving,Not-in-family,White,Male,0,2559,50,United-States,>50K
38,Private,175360,10th,6,Never-married,Prof-specialty,Not-in-family,White,Male,0,2559,90,United-States,>50K
23,Private,44064,Some-college,10,Separated,Other-service,Not-in-family,White,Male,0,2559,40,United-States,>50K
59,Self-emp-inc,107287,10th,6,Widowed,Exec-managerial,Unmarried,White,Female,0,2559,50,United-States,>50K
52,Private,198863,Prof-school,15,Divorced,Exec-managerial,Not-in-family,White,Male,0,2559,60,United-States,>50K
51,Private,123011,Bachelors,13,Divorced,Exec-managerial,Not-in-family,White,Male,0,2559,50,United-States,>50K
60,Self-emp-not-inc,205246,HS-grad,9,Never-married,Exec-managerial,Not-in-family,Black,Male,0,2559,50,United-States,<50K
63,Federal-gov,39181,Doctorate,16,Divorced,Exec-managerial,Not-in-family,White,Female,0,2559,60,United-States,>50K
53,Private,149650,HS-grad,9,Never-married,Sales,Not-in-family,White,Male,0,2559,48,United-States,>50K
51,Private,197163,Prof-school,15,Never-married,Prof-specialty,Not-in-family,White,Female,0,2559,50,United-States,>50K
37,Self-emp-not-inc,137527,Doctorate,16,Never-married,Prof-specialty,Not-in-family,White,Female,0,2559,60,United-States,>50K
54,Private,161691,Masters,14,Divorced,Prof-specialty,Not-in-family,White,Female,0,2559,40,United-States,>50K
44,Private,326232,Bachelors,13,Divorced,Exec-managerial,Unmarried,White,Male,0,2547,50,United-States,>50K
43,Private,115806,Masters,14,Divorced,Exec-managerial,Unmarried,White,Female,0,2547,40,United-States,>50K
51,Private,115066,Some-college,10,Divorced,Adm-clerical,Unmarried,White,Female,0,2547,40,United-States,>50K
43,Private,289669,Masters,14,Divorced,Prof-specialty,Unmarried,White,Female,0,2547,40,United-States,>50K
71,?,100820,HS-grad,9,Married-civ-spouse,?,Husband,White,Male,0,2489,15,United-States,>50K
48,Private,121253,Bachelors,13,Married-spouse-absent,Sales,Unmarried,White,Female,0,2472,70,United-States,>50K
71,Private,110380,HS-grad,9,Married-civ-spouse,Sales,Husband,White,Male,0,2467,52,United-States,>50K
73,Self-emp-not-inc,233882,HS-grad,9,Married-civ-spouse,Farming-fishing,Husband,Asian-Pac-Islander,Male,0,2457,40,Vietnam,<50K
68,?,192052,Some-college,10,Married-civ-spouse,?,Wife,White,Female,0,2457,40,United-States,>50K
67,?,174995,Some-college,10,Married-civ-spouse,?,Husband,White,Male,0,2457,40,United-States,>50K
40,Self-emp-not-inc,335549,Prof-school,15,Never-married,Prof-specialty,Not-in-family,White,Male,0,2444,45,United-States,>50K
50,Private,237729,HS-grad,9,Widowed,Sales,Not-in-family,White,Female,0,2444,72,United-States,>50K
51,State-gov,68898,Assoc-voc,11,Divorced,Tech-support,Not-in-family,White,Male,0,2444,39,United-States,>50K
42,Private,107276,Some-college,10,Never-married,Exec-managerial,Not-in-family,White,Female,0,2444,40,United-States,>50K
39,Private,141584,Masters,14,Never-married,Sales,Not-in-family,White,Male,0,2444,45,United-States,>50K
32,Private,207668,Bachelors,13,Never-married,Exec-managerial,Other-relative,White,Male,0,2444,50,United-States,>50K
53,Private,313243,Some-college,10,Separated,Craft-repair,Not-in-family,White,Male,0,2444,45,United-States,>50K
40,Local-gov,147372,Some-college,10,Never-married,Protective-serv,Not-in-family,White,Male,0,2444,40,United-States,>50K
38,Private,237608,Bachelors,13,Never-married,Sales,Not-in-family,White,Female,0,2444,45,United-States,>50K
33,Private,194901,Assoc-voc,11,Separated,Craft-repair,Not-in-family,White,Male,0,2444,42,United-States,>50K
43,Private,155106,Assoc-acdm,12,Divorced,Craft-repair,Not-in-family,White,Male,0,2444,70,United-States,>50K
50,Self-emp-inc,121441,11th,7,Never-married,Exec-managerial,Other-relative,White,Male,0,2444,40,United-States,>50K
44,Private,162028,Some-college,10,Married-civ-spouse,Adm-clerical,Wife,White,Female,0,2415,6,United-States,>50K
51,Self-emp-not-inc,160724,Bachelors,13,Married-civ-spouse,Sales,Husband,Asian-Pac-Islander,Male,0,2415,40,China,<50K
41,Private,132222,Prof-school,15,Married-civ-spouse,Prof-specialty,Husband,White,Male,0,2415,40,United-States,>50K
60,Self-emp-inc,226355,Assoc-voc,11,Married-civ-spouse,Machine-op-inspct,Husband,White,Male,0,2415,70,?,>50K
37,Private,329980,Masters,14,Married-civ-spouse,Exec-managerial,Husband,White,Male,0,2415,60,United-States,>50K
55,Self-emp-inc,124137,Prof-school,15,Married-civ-spouse,Prof-specialty,Husband,White,Male,0,2415,35,Greece,>50K
39,Self-emp-inc,329980,Bachelors,13,Married-civ-spouse,Sales,Husband,White,Male,0,2415,60,United-States,>50K
42,Self-emp-inc,187702,Prof-school,15,Married-civ-spouse,Prof-specialty,Husband,White,Male,0,2415,60,United-States,>50K
49,Private,199029,Bachelors,13,Married-civ-spouse,Sales,Husband,White,Male,0,2415,55,United-States,>50K
47,Self-emp-not-inc,145290,HS-grad,9,Married-civ-spouse,Exec-managerial,Husband,White,Male,0,2415,50,United-States,>50K
41,Local-gov,297248,Prof-school,15,Married-civ-spouse,Prof-specialty,Husband,White,Male,0,2415,45,United-States,>50K
55,Self-emp-inc,227856,Bachelors,13,Married-civ-spouse,Exec-managerial,Husband,White,Male,0,2415,50,United-States,>50K
39,Private,179731,Masters,14,Married-civ-spouse,Exec-managerial,Wife,White,Female,0,2415,65,United-States,>50K
42,Private,154374,Bachelors,13,Married-civ-spouse,Exec-managerial,Husband,White,Male,0,2415,60,United-States,>50K
41,?,27187,Assoc-voc,11,Married-civ-spouse,?,Husband,White,Male,0,2415,12,United-States,>50K
46,Private,326857,Masters,14,Married-civ-spouse,Sales,Husband,White,Male,0,2415,65,United-States,>50K
40,Private,160369,Masters,14,Married-civ-spouse,Exec-managerial,Husband,White,Male,0,2415,45,United-States,>50K
32,Private,396745,Bachelors,13,Married-civ-spouse,Prof-specialty,Husband,White,Male,0,2415,48,United-States,>50K
41,Self-emp-inc,151089,Some-college,10,Married-civ-spouse,Exec-managerial,Husband,White,Male,0,2415,55,United-States,>50K
60,Self-emp-inc,336188,Prof-school,15,Married-civ-spouse,Prof-specialty,Husband,White,Male,0,2415,80,United-States,>50K
31,Private,279015,Masters,14,Married-civ-spouse,Exec-managerial,Husband,White,Male,0,2415,70,Taiwan,>50K
58,Self-emp-not-inc,43221,Some-college,10,Married-civ-spouse,Farming-fishing,Husband,White,Male,0,2415,40,United-States,>50K
37,Self-emp-inc,30529,Bachelors,13,Married-civ-spouse,Sales,Husband,White,Male,0,2415,50,United-States,>50K
44,Self-emp-not-inc,201742,Bachelors,13,Married-civ-spouse,Exec-managerial,Husband,White,Male,0,2415,50,United-States,>50K
39,Self-emp-not-inc,218490,Prof-school,15,Married-civ-spouse,Prof-specialty,Husband,White,Male,0,2415,50,?,>50K
43,Federal-gov,156996,Prof-school,15,Married-civ-spouse,Prof-specialty,Husband,Asian-Pac-Islander,Male,0,2415,55,?,<50K
55,Self-emp-inc,298449,Bachelors,13,Married-civ-spouse,Exec-managerial,Husband,White,Male,0,2415,50,United-States,>50K
44,Self-emp-inc,191712,Masters,14,Married-civ-spouse,Prof-specialty,Husband,White,Male,0,2415,55,United-States,>50K
39,Private,198654,Prof-school,15,Married-civ-spouse,Prof-specialty,Husband,Asian-Pac-Islander,Male,0,2415,67,India,<50K
46,Self-emp-not-inc,102308,Bachelors,13,Married-civ-spouse,Sales,Husband,White,Male,0,2415,40,United-States,>50K
39,Private,348521,Some-college,10,Married-civ-spouse,Farming-fishing,Husband,White,Male,0,2415,99,United-States,>50K
62,Self-emp-inc,56248,Bachelors,13,Married-civ-spouse,Farming-fishing,Husband,White,Male,0,2415,60,United-States,>50K
31,Self-emp-not-inc,252752,HS-grad,9,Married-civ-spouse,Other-service,Wife,White,Female,0,2415,40,United-States,>50K
46,Private,192963,Bachelors,13,Married-civ-spouse,Adm-clerical,Husband,Asian-Pac-Islander,Male,0,2415,35,Philippines,<50K
46,Self-emp-not-inc,198759,Prof-school,15,Married-civ-spouse,Prof-specialty,Husband,White,Male,0,2415,80,United-States,>50K
39,Self-emp-inc,143123,Assoc-voc,11,Married-civ-spouse,Craft-repair,Husband,White,Male,0,2415,40,United-States,>50K
39,Private,237713,Prof-school,15,Married-civ-spouse,Sales,Husband,White,Male,0,2415,99,United-States,>50K
59,Private,81929,Doctorate,16,Married-civ-spouse,Prof-specialty,Husband,White,Male,0,2415,45,United-States,>50K
50,Self-emp-inc,167793,Prof-school,15,Married-civ-spouse,Prof-specialty,Husband,White,Male,0,2415,60,United-States,>50K
46,Private,456062,Doctorate,16,Married-civ-spouse,Prof-specialty,Husband,White,Male,0,2415,55,United-States,>50K
53,Self-emp-not-inc,105478,Bachelors,13,Married-civ-spouse,Exec-managerial,Husband,White,Male,0,2415,40,United-States,>50K
50,Self-emp-not-inc,42402,Prof-school,15,Married-civ-spouse,Prof-specialty,Husband,White,Male,0,2415,30,United-States,>50K
41,Self-emp-inc,114580,Prof-school,15,Married-civ-spouse,Exec-managerial,Wife,White,Female,0,2415,55,United-States,>50K
36,Private,346478,Bachelors,13,Married-civ-spouse,Sales,Husband,White,Male,0,2415,45,United-States,>50K
38,Private,187870,Prof-school,15,Married-civ-spouse,Prof-specialty,Husband,White,Male,0,2415,90,United-States,>50K
54,Private,35576,Some-college,10,Married-civ-spouse,Sales,Husband,White,Male,0,2415,50,United-States,>50K
50,Private,102346,Bachelors,13,Married-civ-spouse,Exec-managerial,Wife,White,Female,0,2415,20,United-States,>50K
47,Private,148995,Bachelors,13,Married-civ-spouse,Exec-managerial,Husband,White,Male,0,2415,60,United-States,>50K
47,Self-emp-inc,102308,Prof-school,15,Married-civ-spouse,Prof-specialty,Husband,White,Male,0,2415,45,United-States,>50K
67,Private,105252,Bachelors,13,Widowed,Exec-managerial,Not-in-family,White,Male,0,2392,40,United-States,>50K
67,Self-emp-inc,106175,Bachelors,13,Married-civ-spouse,Exec-managerial,Husband,White,Male,0,2392,75,United-States,>50K
72,Self-emp-not-inc,52138,Doctorate,16,Married-civ-spouse,Prof-specialty,Husband,White,Male,0,2392,25,United-States,>50K
72,?,118902,Doctorate,16,Married-civ-spouse,?,Husband,White,Male,0,2392,6,United-States,>50K
46,Self-emp-inc,191978,Masters,14,Married-civ-spouse,Exec-managerial,Husband,White,Male,0,2392,50,United-States,>50K
78,Self-emp-inc,188044,Bachelors,13,Married-civ-spouse,Exec-managerial,Husband,White,Male,0,2392,40,United-States,>50K
71,Self-emp-inc,66624,Bachelors,13,Married-civ-spouse,Exec-managerial,Husband,White,Male,0,2392,60,United-States,>50K
83,Self-emp-inc,153183,Bachelors,13,Married-civ-spouse,Exec-managerial,Husband,White,Male,0,2392,55,United-States,>50K
68,Private,211287,Masters,14,Married-civ-spouse,Exec-managerial,Husband,White,Male,0,2392,40,United-States,>50K
26,Private,181655,Assoc-voc,11,Married-civ-spouse,Adm-clerical,Husband,White,Male,0,2377,45,United-States,>50K
68,State-gov,235882,Doctorate,16,Married-civ-spouse,Prof-specialty,Husband,White,Male,0,2377,60,United-States,>50K
49,Self-emp-inc,158685,HS-grad,9,Married-civ-spouse,Adm-clerical,Wife,White,Female,0,2377,40,United-States,>50K
36,Private,370767,HS-grad,9,Married-civ-spouse,Prof-specialty,Husband,White,Male,0,2377,60,United-States,>50K
70,Self-emp-not-inc,155141,Bachelors,13,Married-civ-spouse,Craft-repair,Husband,White,Male,0,2377,12,United-States,>50K
27,Private,156516,Some-college,10,Married-civ-spouse,Adm-clerical,Wife,Black,Female,0,2377,20,United-States,<50K
35,Local-gov,177305,Some-college,10,Married-civ-spouse,Exec-managerial,Husband,White,Male,0,2377,40,United-States,>50K
23,Private,162945,HS-grad,9,Married-civ-spouse,Sales,Husband,White,Male,0,2377,40,United-States,>50K
81,Private,177408,HS-grad,9,Married-civ-spouse,Exec-managerial,Husband,White,Male,0,2377,26,United-States,>50K
66,Self-emp-not-inc,427422,Doctorate,16,Married-civ-spouse,Sales,Husband,White,Male,0,2377,25,United-States,>50K
71,Private,152307,HS-grad,9,Married-civ-spouse,Exec-managerial,Husband,White,Male,0,2377,45,United-States,>50K
68,Private,218637,Some-college,10,Married-civ-spouse,Sales,Husband,White,Male,0,2377,55,United-States,>50K
68,State-gov,202699,Masters,14,Married-civ-spouse,Prof-specialty,Husband,White,Male,0,2377,42,?,>50K
65,?,240857,Bachelors,13,Married-civ-spouse,?,Husband,White,Male,0,2377,40,United-States,>50K
52,Private,222405,HS-grad,9,Married-civ-spouse,Sales,Husband,Black,Male,0,2377,40,United-States,<50K
40,Self-emp-inc,110862,Assoc-acdm,12,Married-civ-spouse,Craft-repair,Husband,White,Male,0,2377,50,United-States,>50K
68,?,257269,Bachelors,13,Married-civ-spouse,?,Husband,White,Male,0,2377,35,United-States,>50K
21,Private,377931,Some-college,10,Married-civ-spouse,Exec-managerial,Husband,White,Male,0,2377,48,United-States,>50K
35,Private,192923,HS-grad,9,Married-civ-spouse,Craft-repair,Husband,White,Male,0,2377,40,United-States,>50K
70,Self-emp-inc,207938,Bachelors,13,Married-civ-spouse,Exec-managerial,Husband,White,Male,0,2377,50,United-States,>50K
61,Self-emp-not-inc,36671,HS-grad,9,Married-civ-spouse,Farming-fishing,Husband,White,Male,0,2352,50,United-States,>50K
65,Self-emp-inc,81413,HS-grad,9,Married-civ-spouse,Farming-fishing,Husband,White,Male,0,2352,65,United-States,>50K
46,Private,214955,5th-6th,3,Divorced,Craft-repair,Not-in-family,White,Female,0,2339,45,United-States,>50K
26,Local-gov,166295,Bachelors,13,Never-married,Prof-specialty,Not-in-family,White,Male,0,2339,55,United-States,>50K
59,Local-gov,147707,HS-grad,9,Widowed,Farming-fishing,Unmarried,White,Male,0,2339,40,United-States,>50K
61,Private,43554,5th-6th,3,Never-married,Handlers-cleaners,Not-in-family,Black,Male,0,2339,40,United-States,<50K
60,State-gov,358893,Bachelors,13,Divorced,Prof-specialty,Not-in-family,White,Female,0,2339,40,United-States,>50K
49,Self-emp-inc,141058,Some-college,10,Divorced,Exec-managerial,Not-in-family,White,Male,0,2339,50,United-States,>50K
34,Private,25322,Bachelors,13,Married-spouse-absent,Machine-op-inspct,Not-in-family,Asian-Pac-Islander,Male,0,2339,40,?,<50K
25,Private,77071,Bachelors,13,Never-married,Prof-specialty,Own-child,White,Female,0,2339,35,United-States,>50K
55,Private,158702,Some-college,10,Never-married,Adm-clerical,Not-in-family,Black,Female,0,2339,45,?,<50K
59,Local-gov,171328,HS-grad,9,Separated,Protective-serv,Other-relative,Black,Female,0,2339,40,United-States,<50K
28,State-gov,381789,Some-college,10,Separated,Exec-managerial,Own-child,White,Male,0,2339,40,United-States,>50K
43,?,152569,Assoc-voc,11,Widowed,?,Not-in-family,White,Female,0,2339,36,United-States,>50K
56,Self-emp-not-inc,346635,Masters,14,Divorced,Sales,Unmarried,White,Female,0,2339,60,United-States,>50K
41,Private,162140,HS-grad,9,Divorced,Craft-repair,Not-in-family,White,Male,0,2339,40,United-States,>50K
42,Private,191765,HS-grad,9,Never-married,Adm-clerical,Other-relative,Black,Female,0,2339,40,Trinadad&Tobago,<50K
28,Private,251905,Prof-school,15,Never-married,Prof-specialty,Not-in-family,White,Male,0,2339,40,Canada,>50K
40,Self-emp-not-inc,33310,Prof-school,15,Divorced,Other-service,Not-in-family,White,Female,0,2339,35,United-States,>50K
69,Private,228921,Bachelors,13,Widowed,Prof-specialty,Not-in-family,White,Male,0,2282,40,United-States,>50K
66,Local-gov,36364,HS-grad,9,Married-civ-spouse,Craft-repair,Husband,White,Male,0,2267,40,United-States,>50K
69,Private,124930,5th-6th,3,Married-civ-spouse,Machine-op-inspct,Husband,White,Male,0,2267,40,United-States,>50K
55,Local-gov,176046,Masters,14,Married-civ-spouse,Prof-specialty,Wife,White,Female,0,2267,40,United-States,>50K
57,Federal-gov,370890,HS-grad,9,Never-married,Adm-clerical,Not-in-family,White,Male,0,2258,40,United-States,>50K
20,Self-emp-not-inc,157145,Some-college,10,Never-married,Farming-fishing,Own-child,White,Male,0,2258,10,United-States,>50K
33,Private,288825,HS-grad,9,Divorced,Craft-repair,Not-in-family,White,Male,0,2258,84,United-States,>50K
30,Self-emp-not-inc,257295,Some-college,10,Never-married,Sales,Other-relative,Asian-Pac-Islander,Male,0,2258,40,South,<50K
40,Private,287983,Bachelors,13,Never-married,Tech-support,Not-in-family,Asian-Pac-Islander,Female,0,2258,48,Philippines,<50K
38,Private,101978,Some-college,10,Separated,Machine-op-inspct,Not-in-family,White,Male,0,2258,55,United-States,>50K
46,State-gov,192779,Assoc-acdm,12,Divorced,Adm-clerical,Unmarried,White,Male,0,2258,38,United-States,>50K
29,Private,135296,Bachelors,13,Never-married,Exec-managerial,Not-in-family,White,Female,0,2258,45,United-States,>50K
57,Federal-gov,199114,Bachelors,13,Never-married,Adm-clerical,Not-in-family,White,Male,0,2258,40,United-States,>50K
39,Private,156897,HS-grad,9,Never-married,Craft-repair,Own-child,White,Male,0,2258,42,United-States,>50K
47,Private,138107,Bachelors,13,Divorced,Exec-managerial,Not-in-family,White,Male,0,2258,40,United-States,>50K
26,Private,279833,Bachelors,13,Never-married,Exec-managerial,Not-in-family,White,Male,0,2258,45,United-States,>50K
27,Self-emp-not-inc,208577,HS-grad,9,Never-married,Craft-repair,Not-in-family,White,Male,0,2258,50,United-States,>50K
23,Private,102942,Bachelors,13,Never-married,Prof-specialty,Own-child,White,Female,0,2258,40,United-States,>50K
34,Private,36385,Masters,14,Never-married,Prof-specialty,Not-in-family,White,Male,0,2258,50,United-States,>50K
33,Private,176185,12th,8,Divorced,Craft-repair,Not-in-family,White,Male,0,2258,42,United-States,>50K
38,Local-gov,162613,Masters,14,Never-married,Prof-specialty,Not-in-family,White,Female,0,2258,60,United-States,>50K
57,Private,121362,Some-college,10,Widowed,Adm-clerical,Unmarried,White,Female,0,2258,38,United-States,>50K
36,Private,145933,HS-grad,9,Never-married,Exec-managerial,Not-in-family,White,Male,0,2258,70,United-States,>50K
44,Federal-gov,29591,Bachelors,13,Divorced,Tech-support,Not-in-family,White,Male,0,2258,40,United-States,>50K
49,State-gov,269417,Doctorate,16,Never-married,Exec-managerial,Not-in-family,White,Female,0,2258,50,United-States,>50K
44,Self-emp-inc,178510,Some-college,10,Never-married,Sales,Not-in-family,White,Male,0,2258,60,United-States,>50K
55,Private,41108,Some-college,10,Widowed,Farming-fishing,Not-in-family,White,Male,0,2258,62,United-States,>50K
45,Private,187901,HS-grad,9,Divorced,Farming-fishing,Not-in-family,White,Male,0,2258,44,United-States,>50K
48,Private,175070,HS-grad,9,Divorced,Exec-managerial,Not-in-family,White,Female,0,2258,40,United-States,>50K
31,Private,263561,Bachelors,13,Married-civ-spouse,Exec-managerial,Husband,White,Male,0,2246,45,United-States,>50K
55,Local-gov,99131,HS-grad,9,Married-civ-spouse,Prof-specialty,Other-relative,White,Female,0,2246,40,United-States,>50K
70,Self-emp-not-inc,143833,Some-college,10,Married-civ-spouse,Exec-managerial,Husband,White,Male,0,2246,40,United-States,>50K
70,Self-emp-not-inc,124449,Masters,14,Married-civ-spouse,Exec-managerial,Husband,White,Male,0,2246,8,United-States,>50K
73,Private,336007,Bachelors,13,Married-civ-spouse,Prof-specialty,Husband,White,Male,0,2246,40,United-States,>50K
72,Self-emp-not-inc,285408,Prof-school,15,Married-civ-spouse,Prof-specialty,Husband,White,Male,0,2246,28,United-States,>50K
31,Private,327825,HS-grad,9,Separated,Machine-op-inspct,Unmarried,White,Female,0,2238,40,United-States,>50K
28,Private,129460,10th,6,Widowed,Adm-clerical,Unmarried,White,Female,0,2238,35,United-States,>50K
23,Self-emp-not-inc,258298,Bachelors,13,Never-married,Adm-clerical,Own-child,White,Male,0,2231,40,United-States,>50K
49,Local-gov,102359,9th,5,Widowed,Handlers-cleaners,Unmarried,White,Male,0,2231,40,United-States,>50K
27,Local-gov,92431,Some-college,10,Never-married,Protective-serv,Not-in-family,White,Male,0,2231,40,United-States,>50K
90,Private,51744,HS-grad,9,Never-married,Other-service,Not-in-family,Black,Male,0,2206,40,United-States,<50K
68,Private,166149,HS-grad,9,Widowed,Adm-clerical,Not-in-family,White,Female,0,2206,30,United-States,>50K
65,Private,149811,HS-grad,9,Divorced,Adm-clerical,Unmarried,White,Female,0,2206,59,Canada,>50K
65,?,143118,HS-grad,9,Widowed,?,Unmarried,White,Female,0,2206,10,United-States,>50K
67,Private,118363,Bachelors,13,Divorced,Exec-managerial,Not-in-family,White,Female,0,2206,5,United-States,>50K
66,Local-gov,362165,Bachelors,13,Widowed,Prof-specialty,Not-in-family,Black,Female,0,2206,25,United-States,<50K
24,Private,379066,Some-college,10,Never-married,Adm-clerical,Not-in-family,White,Male,0,2205,24,United-States,>50K
44,Self-emp-not-inc,171424,Some-college,10,Divorced,Machine-op-inspct,Not-in-family,White,Male,0,2205,35,United-States,>50K
35,Private,108293,Some-college,10,Never-married,Adm-clerical,Own-child,White,Female,0,2205,40,United-States,>50K
20,Private,107801,Assoc-acdm,12,Never-married,Other-service,Own-child,White,Female,0,2205,18,United-States,>50K
38,Private,126675,HS-grad,9,Divorced,Craft-repair,Not-in-family,White,Male,0,2205,40,United-States,>50K
39,Private,155603,Some-college,10,Never-married,Other-service,Own-child,Black,Female,0,2205,40,United-States,<50K
32,Private,27882,Some-college,10,Never-married,Machine-op-inspct,Other-relative,White,Female,0,2205,40,Holand-Netherlands,>50K
42,Private,242564,7th-8th,4,Never-married,Handlers-cleaners,Not-in-family,Black,Male,0,2205,40,United-States,<50K
63,?,234083,HS-grad,9,Divorced,?,Not-in-family,White,Female,0,2205,40,United-States,>50K
42,Self-emp-inc,23510,Masters,14,Divorced,Exec-managerial,Unmarried,Asian-Pac-Islander,Male,0,2201,60,India,<50K
64,Private,181232,11th,7,Married-civ-spouse,Craft-repair,Husband,White,Male,0,2179,40,United-States,>50K
28,Private,166481,7th-8th,4,Married-civ-spouse,Handlers-cleaners,Husband,Other,Male,0,2179,40,Puerto-Rico,<50K
41,Self-emp-inc,139916,Assoc-voc,11,Married-civ-spouse,Sales,Husband,Other,Male,0,2179,84,Mexico,<50K
41,Self-emp-not-inc,144594,7th-8th,4,Married-civ-spouse,Craft-repair,Husband,White,Male,0,2179,40,United-States,>50K
58,Self-emp-not-inc,266707,1st-4th,2,Married-civ-spouse,Transport-moving,Husband,White,Male,0,2179,18,United-States,>50K
59,State-gov,303176,Some-college,10,Married-civ-spouse,Exec-managerial,Husband,White,Male,0,2179,40,United-States,>50K
34,Self-emp-not-inc,56460,HS-grad,9,Married-civ-spouse,Farming-fishing,Wife,White,Female,0,2179,12,United-States,>50K
45,Private,167523,HS-grad,9,Married-civ-spouse,Transport-moving,Husband,White,Male,0,2179,45,United-States,>50K
29,Private,119004,HS-grad,9,Married-civ-spouse,Adm-clerical,Wife,White,Female,0,2179,40,United-States,>50K
47,Private,175925,10th,6,Married-civ-spouse,Sales,Husband,White,Male,0,2179,52,United-States,>50K
40,Private,212847,Some-college,10,Married-civ-spouse,Machine-op-inspct,Husband,White,Male,0,2179,40,United-States,>50K
47,Self-emp-not-inc,191175,5th-6th,3,Married-civ-spouse,Sales,Husband,White,Male,0,2179,50,Mexico,>50K
63,?,83043,Bachelors,13,Married-civ-spouse,?,Husband,White,Male,0,2179,45,United-States,>50K
41,Self-emp-not-inc,170214,HS-grad,9,Married-civ-spouse,Handlers-cleaners,Husband,White,Male,0,2179,40,United-States,>50K
34,Private,180714,Some-college,10,Married-civ-spouse,Transport-moving,Husband,Black,Male,0,2179,40,United-States,<50K
66,?,177351,Bachelors,13,Married-civ-spouse,?,Husband,White,Male,0,2174,40,United-States,>50K
65,Self-emp-not-inc,111483,Some-college,10,Married-civ-spouse,Exec-managerial,Husband,White,Male,0,2174,10,United-States,>50K
70,Private,282642,HS-grad,9,Married-civ-spouse,Handlers-cleaners,Husband,White,Male,0,2174,40,United-States,>50K
75,Self-emp-not-inc,309955,Prof-school,15,Married-civ-spouse,Prof-specialty,Husband,White,Male,0,2174,50,United-States,>50K
65,State-gov,215908,HS-grad,9,Married-civ-spouse,Adm-clerical,Husband,White,Male,0,2174,40,United-States,>50K
65,Federal-gov,23494,Some-college,10,Married-civ-spouse,Exec-managerial,Husband,Black,Male,0,2174,40,United-States,<50K
73,Private,147551,Some-college,10,Married-civ-spouse,Prof-specialty,Husband,White,Male,0,2174,50,United-States,>50K
60,?,141221,Bachelors,13,Married-civ-spouse,?,Husband,Asian-Pac-Islander,Male,0,2163,25,South,<50K
68,Self-emp-not-inc,116903,Assoc-voc,11,Married-civ-spouse,Prof-specialty,Husband,White,Male,0,2149,40,United-States,>50K
74,Self-emp-not-inc,119129,HS-grad,9,Married-civ-spouse,Sales,Husband,White,Male,0,2149,20,United-States,>50K
43,Private,143582,5th-6th,3,Married-civ-spouse,Machine-op-inspct,Wife,Asian-Pac-Islander,Female,0,2129,72,?,<50K
19,Self-emp-not-inc,342384,11th,7,Married-civ-spouse,Craft-repair,Own-child,White,Male,0,2129,55,United-States,>50K
37,Self-emp-not-inc,68899,HS-grad,9,Married-civ-spouse,Craft-repair,Husband,White,Male,0,2129,40,United-States,>50K
45,Federal-gov,207107,Assoc-acdm,12,Divorced,Adm-clerical,Unmarried,Asian-Pac-Islander,Male,0,2080,40,Philippines,<50K
64,Private,149044,Masters,14,Married-civ-spouse,Prof-specialty,Husband,Asian-Pac-Islander,Male,0,2057,60,China,<50K
30,Private,148524,HS-grad,9,Married-civ-spouse,Transport-moving,Husband,White,Male,0,2057,40,United-States,>50K
51,Self-emp-not-inc,268639,Some-college,10,Married-civ-spouse,Prof-specialty,Wife,White,Female,0,2057,60,Canada,>50K
35,Private,272019,11th,7,Married-civ-spouse,Craft-repair,Husband,White,Male,0,2057,40,United-States,>50K
29,Private,239753,HS-grad,9,Married-civ-spouse,Adm-clerical,Wife,White,Female,0,2057,20,United-States,>50K
34,Private,199864,Some-college,10,Married-civ-spouse,Adm-clerical,Wife,White,Female,0,2057,40,United-States,>50K
41,Private,125831,HS-grad,9,Married-civ-spouse,Craft-repair,Husband,White,Male,0,2051,60,United-States,>50K
35,Private,67728,Some-college,10,Married-civ-spouse,Craft-repair,Husband,White,Male,0,2051,45,United-States,>50K
26,Private,115717,Some-college,10,Married-civ-spouse,Adm-clerical,Husband,White,Male,0,2051,40,United-States,>50K
54,Private,172281,HS-grad,9,Married-civ-spouse,Transport-moving,Husband,White,Male,0,2051,50,United-States,>50K
52,Local-gov,305053,HS-grad,9,Married-civ-spouse,Craft-repair,Husband,White,Male,0,2051,40,United-States,>50K
50,Self-emp-not-inc,105010,HS-grad,9,Married-civ-spouse,Farming-fishing,Husband,White,Male,0,2051,20,United-States,>50K
31,Private,291052,Some-college,10,Married-civ-spouse,Adm-clerical,Husband,White,Male,0,2051,40,United-States,>50K
38,Federal-gov,248919,HS-grad,9,Married-civ-spouse,Transport-moving,Husband,White,Male,0,2051,40,United-States,>50K
30,Private,84119,Some-college,10,Married-civ-spouse,Craft-repair,Husband,White,Male,0,2051,40,United-States,>50K
34,Local-gov,105540,Bachelors,13,Married-civ-spouse,Prof-specialty,Husband,White,Male,0,2051,40,United-States,>50K
31,Private,161765,Some-college,10,Married-civ-spouse,Sales,Husband,White,Male,0,2051,57,United-States,>50K
52,Private,195635,HS-grad,9,Married-civ-spouse,Machine-op-inspct,Husband,White,Male,0,2051,38,United-States,>50K
54,Private,816750,HS-grad,9,Married-civ-spouse,Craft-repair,Husband,White,Male,0,2051,40,United-States,>50K
38,Private,160192,HS-grad,9,Married-civ-spouse,Craft-repair,Husband,White,Male,0,2051,44,United-States,>50K
39,Private,136081,HS-grad,9,Married-civ-spouse,Machine-op-inspct,Husband,White,Male,0,2051,40,United-States,>50K
29,Private,244473,Assoc-voc,11,Married-civ-spouse,Tech-support,Husband,White,Male,0,2051,40,United-States,>50K
45,Private,187033,HS-grad,9,Married-civ-spouse,Craft-repair,Husband,White,Male,0,2051,40,United-States,>50K
34,Private,265807,HS-grad,9,Married-civ-spouse,Transport-moving,Husband,White,Male,0,2051,55,United-States,>50K
38,Private,154410,HS-grad,9,Married-civ-spouse,Craft-repair,Husband,White,Male,0,2051,40,Poland,>50K
39,Private,314007,10th,6,Married-civ-spouse,Craft-repair,Husband,White,Male,0,2051,40,United-States,>50K
61,Private,179743,HS-grad,9,Married-civ-spouse,Craft-repair,Husband,White,Male,0,2051,20,United-States,>50K
43,Private,117037,11th,7,Married-civ-spouse,Transport-moving,Husband,White,Male,0,2042,40,United-States,>50K
35,Private,40135,Some-college,10,Married-civ-spouse,Handlers-cleaners,Husband,White,Male,0,2042,40,United-States,>50K
46,Private,315423,Some-college,10,Married-civ-spouse,Sales,Husband,White,Male,0,2042,50,United-States,>50K
38,Private,35429,HS-grad,9,Married-civ-spouse,Handlers-cleaners,Husband,White,Male,0,2042,40,United-States,>50K
42,Self-emp-not-inc,120837,HS-grad,9,Married-civ-spouse,Craft-repair,Husband,White,Male,0,2042,48,United-States,>50K
34,Private,90614,Assoc-acdm,12,Married-civ-spouse,Tech-support,Husband,White,Male,0,2042,10,United-States,>50K
29,Private,202878,7th-8th,4,Married-civ-spouse,Farming-fishing,Husband,White,Male,0,2042,40,United-States,>50K
32,Private,260954,11th,7,Married-civ-spouse,Craft-repair,Husband,White,Male,0,2042,30,United-States,>50K
60,Private,127084,HS-grad,9,Married-civ-spouse,Protective-serv,Husband,White,Male,0,2042,34,United-States,>50K
49,Local-gov,107231,HS-grad,9,Married-civ-spouse,Craft-repair,Husband,White,Male,0,2002,40,United-States,>50K
53,Local-gov,135102,HS-grad,9,Married-civ-spouse,Other-service,Husband,White,Male,0,2002,45,United-States,>50K
56,Private,201822,7th-8th,4,Married-civ-spouse,Handlers-cleaners,Husband,White,Male,0,2002,40,United-States,>50K
48,Private,413363,11th,7,Married-civ-spouse,Transport-moving,Husband,White,Male,0,2002,40,United-States,>50K
32,Federal-gov,148138,Bachelors,13,Married-civ-spouse,Prof-specialty,Husband,Asian-Pac-Islander,Male,0,2002,40,Iran,<50K
42,Self-emp-not-inc,170721,HS-grad,9,Married-civ-spouse,Craft-repair,Husband,White,Male,0,2002,40,United-States,>50K
32,Private,102858,Assoc-acdm,12,Married-civ-spouse,Prof-specialty,Husband,White,Male,0,2002,42,United-States,>50K
28,Local-gov,175262,Assoc-acdm,12,Married-civ-spouse,Protective-serv,Husband,White,Male,0,2002,40,England,>50K
26,Private,36936,Assoc-voc,11,Married-civ-spouse,Craft-repair,Husband,White,Male,0,2002,40,United-States,>50K
59,Private,169982,Bachelors,13,Married-civ-spouse,Exec-managerial,Husband,White,Male,0,2002,50,United-States,>50K
47,Self-emp-not-inc,208407,Bachelors,13,Married-civ-spouse,Prof-specialty,Husband,White,Male,0,2002,30,United-States,>50K
26,?,131777,Bachelors,13,Married-civ-spouse,?,Husband,White,Male,0,2002,40,United-States,>50K
41,Private,41090,HS-grad,9,Married-civ-spouse,Craft-repair,Husband,White,Male,0,2002,60,United-States,>50K
36,Private,183739,HS-grad,9,Married-civ-spouse,Craft-repair,Own-child,White,Female,0,2002,40,United-States,>50K
45,Private,357540,Bachelors,13,Married-civ-spouse,Sales,Husband,White,Male,0,2002,55,United-States,>50K
30,Private,48520,Assoc-acdm,12,Married-civ-spouse,Prof-specialty,Husband,White,Male,0,2002,40,United-States,>50K
36,Private,107916,HS-grad,9,Married-civ-spouse,Transport-moving,Husband,White,Male,0,2002,40,United-States,>50K
34,Self-emp-inc,198613,HS-grad,9,Married-civ-spouse,Exec-managerial,Husband,White,Male,0,2002,40,United-States,>50K
53,Private,283743,HS-grad,9,Married-civ-spouse,Transport-moving,Husband,White,Male,0,2002,40,United-States,>50K
51,Private,210940,HS-grad,9,Married-civ-spouse,Sales,Husband,White,Male,0,2002,45,United-States,>50K
47,Self-emp-not-inc,355978,Doctorate,16,Married-civ-spouse,Transport-moving,Husband,White,Male,0,2002,45,United-States,>50K
19,?,241616,HS-grad,9,Never-married,?,Unmarried,White,Male,0,2001,40,United-States,>50K
30,Private,57651,HS-grad,9,Never-married,Adm-clerical,Unmarried,White,Male,0,2001,42,United-States,>50K
20,Private,315877,HS-grad,9,Never-married,Other-service,Unmarried,White,Male,0,2001,40,United-States,>50K
42,Federal-gov,74680,Masters,14,Divorced,Adm-clerical,Not-in-family,White,Male,0,2001,60,United-States,>50K
31,Private,454508,11th,7,Never-married,Craft-repair,Not-in-family,White,Male,0,2001,40,United-States,>50K
33,Private,202046,Bachelors,13,Never-married,Handlers-cleaners,Not-in-family,White,Male,0,2001,40,United-States,>50K
25,Private,121102,Assoc-acdm,12,Never-married,Tech-support,Not-in-family,White,Female,0,2001,30,United-States,>50K
20,Private,146879,HS-grad,9,Never-married,Other-service,Not-in-family,White,Male,0,2001,40,United-States,>50K
23,Private,213955,HS-grad,9,Never-married,Adm-clerical,Own-child,Black,Male,0,2001,40,United-States,<50K
55,?,123382,HS-grad,9,Separated,?,Not-in-family,Black,Female,0,2001,40,United-States,<50K
41,Self-emp-not-inc,277783,Some-college,10,Divorced,Craft-repair,Not-in-family,White,Male,0,2001,50,United-States,>50K
54,Self-emp-not-inc,199741,HS-grad,9,Widowed,Craft-repair,Not-in-family,White,Male,0,2001,35,United-States,>50K
25,Private,378322,HS-grad,9,Never-married,Craft-repair,Not-in-family,White,Male,0,2001,50,United-States,>50K
19,Private,264390,Some-college,10,Never-married,Adm-clerical,Own-child,White,Female,0,2001,40,United-States,>50K
24,Private,210029,HS-grad,9,Never-married,Adm-clerical,Not-in-family,White,Female,0,2001,37,United-States,>50K
56,Federal-gov,61885,Bachelors,13,Never-married,Transport-moving,Not-in-family,Black,Male,0,2001,65,United-States,<50K
21,Local-gov,102942,Some-college,10,Never-married,Other-service,Not-in-family,White,Female,0,2001,40,United-States,>50K
34,Private,209297,HS-grad,9,Never-married,Machine-op-inspct,Not-in-family,Black,Male,0,2001,40,United-States,<50K
19,Private,198459,HS-grad,9,Never-married,Adm-clerical,Own-child,White,Male,0,2001,40,United-States,>50K
21,?,40052,Some-college,10,Never-married,?,Not-in-family,White,Male,0,2001,45,United-States,>50K
48,Private,93476,HS-grad,9,Separated,Adm-clerical,Not-in-family,White,Female,0,2001,40,United-States,>50K
34,Private,174789,Bachelors,13,Never-married,Other-service,Not-in-family,White,Male,0,2001,40,United-States,>50K
31,Private,189759,HS-grad,9,Never-married,Farming-fishing,Not-in-family,White,Male,0,2001,40,United-States,>50K
36,Private,297847,HS-grad,9,Never-married,Other-service,Not-in-family,Black,Female,0,2001,40,United-States,<50K
27,Private,124953,HS-grad,9,Never-married,Other-service,Not-in-family,White,Male,0,1980,40,United-States,>50K
27,Private,116358,Some-college,10,Never-married,Craft-repair,Own-child,Asian-Pac-Islander,Male,0,1980,40,Philippines,<50K
35,Private,187119,Bachelors,13,Divorced,Sales,Not-in-family,White,Female,0,1980,65,United-States,>50K
31,Self-emp-not-inc,161745,Bachelors,13,Married-spouse-absent,Exec-managerial,Not-in-family,White,Male,0,1980,60,United-States,>50K
27,Federal-gov,469705,HS-grad,9,Never-married,Craft-repair,Not-in-family,Black,Male,0,1980,40,United-States,<50K
28,Local-gov,304960,Assoc-acdm,12,Never-married,Adm-clerical,Not-in-family,White,Female,0,1980,40,United-States,>50K
42,Private,175935,HS-grad,9,Divorced,Transport-moving,Not-in-family,White,Male,0,1980,46,United-States,>50K
44,Private,355728,Some-college,10,Separated,Exec-managerial,Not-in-family,White,Male,0,1980,45,England,>50K
41,Private,53956,Bachelors,13,Divorced,Sales,Not-in-family,White,Male,0,1980,56,United-States,>50K
28,Private,184723,Bachelors,13,Never-married,Tech-support,Not-in-family,White,Female,0,1980,35,United-States,>50K
41,Federal-gov,185616,HS-grad,9,Never-married,Adm-clerical,Not-in-family,White,Female,0,1980,40,United-States,>50K
35,Private,54595,10th,6,Widowed,Other-service,Not-in-family,Black,Female,0,1980,40,United-States,<50K
58,Private,126104,Masters,14,Divorced,Adm-clerical,Not-in-family,White,Female,0,1980,45,United-States,>50K
40,Private,139193,HS-grad,9,Divorced,Machine-op-inspct,Not-in-family,White,Male,0,1980,48,United-States,>50K
31,Private,184306,Assoc-voc,11,Never-married,Transport-moving,Own-child,White,Male,0,1980,60,United-States,>50K
30,Private,207301,HS-grad,9,Never-married,Sales,Not-in-family,White,Female,0,1980,40,United-States,>50K
32,Private,199529,Some-college,10,Separated,Tech-support,Not-in-family,Amer-Indian-Eskimo,Male,0,1980,40,United-States,<50K
25,Private,111058,Some-college,10,Never-married,Adm-clerical,Not-in-family,White,Male,0,1980,40,United-States,>50K
34,Private,198103,HS-grad,9,Never-married,Transport-moving,Own-child,White,Male,0,1980,40,United-States,>50K
56,Private,34626,Some-college,10,Divorced,Exec-managerial,Not-in-family,White,Female,0,1980,40,United-States,>50K
45,Private,100651,HS-grad,9,Divorced,Other-service,Not-in-family,White,Male,0,1980,40,United-States,>50K
50,Private,104501,HS-grad,9,Never-married,Adm-clerical,Not-in-family,White,Male,0,1980,40,United-States,>50K
27,Private,132805,10th,6,Never-married,Sales,Other-relative,White,Male,0,1980,40,United-States,>50K
51,Private,96062,Some-college,10,Married-civ-spouse,Sales,Husband,White,Male,0,1977,40,United-States,>50K
40,Private,207578,Assoc-acdm,12,Married-civ-spouse,Tech-support,Husband,White,Male,0,1977,60,United-States,>50K
41,Private,445382,Masters,14,Married-civ-spouse,Exec-managerial,Husband,White,Male,0,1977,65,United-States,>50K
49,Private,192776,Masters,14,Married-civ-spouse,Exec-managerial,Husband,White,Male,0,1977,45,United-States,>50K
37,Private,22463,Assoc-voc,11,Married-civ-spouse,Craft-repair,Husband,White,Male,0,1977,40,United-States,>50K
36,Self-emp-inc,108293,Bachelors,13,Married-civ-spouse,Exec-managerial,Wife,White,Female,0,1977,45,United-States,>50K
35,Private,199352,Prof-school,15,Married-civ-spouse,Prof-specialty,Husband,White,Male,0,1977,80,United-States,>50K
29,Self-emp-inc,260729,HS-grad,9,Married-civ-spouse,Sales,Wife,White,Female,0,1977,25,United-States,>50K
50,Private,133963,Bachelors,13,Married-civ-spouse,Prof-specialty,Wife,White,Female,0,1977,40,United-States,>50K
46,Private,129007,Bachelors,13,Married-civ-spouse,Sales,Husband,White,Male,0,1977,40,United-States,>50K
44,Self-emp-not-inc,179557,HS-grad,9,Married-civ-spouse,Exec-managerial,Husband,White,Male,0,1977,45,United-States,>50K
42,Local-gov,111252,Masters,14,Married-civ-spouse,Exec-managerial,Husband,White,Male,0,1977,40,United-States,>50K
38,Federal-gov,338320,Prof-school,15,Married-civ-spouse,Prof-specialty,Husband,White,Male,0,1977,50,United-States,>50K
45,Private,192835,Bachelors,13,Married-civ-spouse,Exec-managerial,Husband,White,Male,0,1977,55,United-States,>50K
43,Local-gov,147328,Masters,14,Married-civ-spouse,Exec-managerial,Husband,White,Male,0,1977,60,United-States,>50K
47,Self-emp-inc,139268,Prof-school,15,Married-civ-spouse,Prof-specialty,Husband,White,Male,0,1977,60,United-States,>50K
58,Self-emp-inc,349910,Prof-school,15,Married-civ-spouse,Prof-specialty,Husband,White,Male,0,1977,50,United-States,>50K
48,Private,331482,Prof-school,15,Married-civ-spouse,Tech-support,Husband,White,Male,0,1977,40,United-States,>50K
42,Local-gov,245307,Bachelors,13,Married-civ-spouse,Exec-managerial,Husband,White,Male,0,1977,48,United-States,>50K
55,Private,153484,Masters,14,Married-civ-spouse,Exec-managerial,Husband,White,Male,0,1977,50,United-States,>50K
51,Private,252903,10th,6,Married-civ-spouse,Sales,Husband,White,Male,0,1977,40,United-States,>50K
32,Private,295589,Masters,14,Married-civ-spouse,Exec-managerial,Husband,Black,Male,0,1977,40,United-States,<50K
45,Local-gov,160472,Bachelors,13,Married-civ-spouse,Exec-managerial,Husband,White,Male,0,1977,50,United-States,>50K
56,Private,192869,Masters,14,Married-civ-spouse,Craft-repair,Husband,White,Male,0,1977,44,United-States,>50K
38,Private,234901,Masters,14,Married-civ-spouse,Exec-managerial,Husband,White,Male,0,1977,60,United-States,>50K
45,Private,33300,Assoc-voc,11,Married-civ-spouse,Sales,Husband,White,Male,0,1977,50,United-States,>50K
49,Private,101825,Masters,14,Married-civ-spouse,Prof-specialty,Wife,White,Female,0,1977,40,United-States,>50K
36,Private,183612,HS-grad,9,Married-civ-spouse,Prof-specialty,Husband,White,Male,0,1977,40,United-States,>50K
49,Private,185041,Masters,14,Married-civ-spouse,Exec-managerial,Husband,White,Male,0,1977,40,United-States,>50K
30,Private,315640,Doctorate,16,Married-civ-spouse,Prof-specialty,Husband,Asian-Pac-Islander,Male,0,1977,40,China,<50K
42,Self-emp-inc,123838,Prof-school,15,Married-civ-spouse,Prof-specialty,Husband,White,Male,0,1977,50,United-States,>50K
55,Private,31905,Masters,14,Married-civ-spouse,Exec-managerial,Husband,White,Male,0,1977,40,United-States,>50K
34,Private,181091,Bachelors,13,Married-civ-spouse,Exec-managerial,Husband,White,Male,0,1977,45,United-States,>50K
54,Private,88278,Doctorate,16,Married-civ-spouse,Prof-specialty,Husband,White,Male,0,1977,50,United-States,>50K
42,Self-emp-not-inc,323790,Bachelors,13,Married-civ-spouse,Exec-managerial,Husband,White,Male,0,1977,70,United-States,>50K
25,Local-gov,90730,Bachelors,13,Married-civ-spouse,Prof-specialty,Husband,White,Male,0,1977,40,United-States,>50K
55,Self-emp-inc,138594,HS-grad,9,Married-civ-spouse,Exec-managerial,Husband,White,Male,0,1977,45,United-States,>50K
58,State-gov,194068,Masters,14,Married-civ-spouse,Prof-specialty,Husband,White,Male,0,1977,50,United-States,>50K
62,Private,218009,HS-grad,9,Married-civ-spouse,Transport-moving,Husband,White,Male,0,1977,60,United-States,>50K
43,Self-emp-inc,221172,Prof-school,15,Married-civ-spouse,Prof-specialty,Husband,White,Male,0,1977,40,United-States,>50K
57,Local-gov,174132,Masters,14,Married-civ-spouse,Prof-specialty,Wife,Black,Female,0,1977,40,United-States,<50K
42,Self-emp-inc,277256,Doctorate,16,Married-civ-spouse,Prof-specialty,Husband,White,Male,0,1977,60,United-States,>50K
63,Self-emp-not-inc,35021,Bachelors,13,Married-civ-spouse,Prof-specialty,Husband,Asian-Pac-Islander,Male,0,1977,32,China,<50K
47,Self-emp-not-inc,213668,Prof-school,15,Married-civ-spouse,Prof-specialty,Husband,White,Male,0,1977,50,United-States,>50K
37,Private,99146,Bachelors,13,Married-civ-spouse,Exec-managerial,Husband,White,Male,0,1977,50,United-States,>50K
40,Private,209547,Bachelors,13,Married-civ-spouse,Sales,Husband,White,Male,0,1977,60,United-States,>50K
43,Private,118308,Bachelors,13,Married-civ-spouse,Prof-specialty,Husband,White,Male,0,1977,50,United-States,>50K
43,State-gov,33331,Prof-school,15,Married-civ-spouse,Prof-specialty,Husband,White,Male,0,1977,70,United-States,>50K
41,Self-emp-not-inc,200574,Prof-school,15,Married-civ-spouse,Prof-specialty,Husband,White,Male,0,1977,60,United-States,>50K
32,Private,204374,Prof-school,15,Married-civ-spouse,Prof-specialty,Husband,White,Male,0,1977,60,United-States,>50K
47,Private,189680,Bachelors,13,Married-civ-spouse,Sales,Husband,White,Male,0,1977,40,United-States,>50K
39,Federal-gov,175232,Some-college,10,Married-civ-spouse,Handlers-cleaners,Husband,White,Male,0,1977,60,United-States,>50K
53,Private,193720,Some-college,10,Married-civ-spouse,Exec-managerial,Husband,White,Male,0,1977,40,United-States,>50K
34,Private,189759,Bachelors,13,Married-civ-spouse,Exec-managerial,Husband,White,Male,0,1977,45,United-States,>50K
36,Private,32776,Bachelors,13,Married-civ-spouse,Exec-managerial,Husband,White,Male,0,1977,40,United-States,>50K
47,Local-gov,285060,Masters,14,Married-civ-spouse,Exec-managerial,Husband,White,Male,0,1977,41,United-States,>50K
52,Private,23780,Assoc-voc,11,Married-civ-spouse,Exec-managerial,Husband,White,Male,0,1977,45,United-States,>50K
40,Self-emp-not-inc,284706,Prof-school,15,Married-civ-spouse,Prof-specialty,Husband,Amer-Indian-Eskimo,Male,0,1977,60,United-States,<50K
42,Self-emp-inc,130126,Bachelors,13,Married-civ-spouse,Prof-specialty,Husband,White,Male,0,1977,40,United-States,>50K
51,Private,102615,Masters,14,Married-civ-spouse,Protective-serv,Husband,White,Male,0,1977,40,United-States,>50K
55,Private,208311,Masters,14,Married-civ-spouse,Tech-support,Husband,White,Male,0,1977,20,United-States,>50K
38,Private,111499,HS-grad,9,Married-civ-spouse,Sales,Husband,White,Male,0,1977,99,United-States,>50K
52,Private,139671,Some-college,10,Married-civ-spouse,Exec-managerial,Husband,White,Male,0,1977,50,United-States,>50K
60,Federal-gov,165630,HS-grad,9,Married-civ-spouse,Tech-support,Husband,White,Male,0,1977,40,United-States,>50K
55,Private,124808,Assoc-voc,11,Married-civ-spouse,Prof-specialty,Husband,White,Male,0,1977,50,Germany,>50K
47,Local-gov,29819,Masters,14,Married-civ-spouse,Exec-managerial,Husband,Black,Male,0,1977,50,United-States,<50K
46,Private,102771,Masters,14,Married-civ-spouse,Tech-support,Husband,White,Male,0,1977,40,United-States,>50K
35,Private,86648,Masters,14,Married-civ-spouse,Prof-specialty,Husband,White,Male,0,1977,45,United-States,>50K
59,Self-emp-inc,223215,Bachelors,13,Married-civ-spouse,Exec-managerial,Husband,White,Male,0,1977,50,United-States,>50K
57,Private,437727,Masters,14,Married-civ-spouse,Prof-specialty,Husband,White,Male,0,1977,45,United-States,>50K
46,Private,167515,Some-college,10,Married-civ-spouse,Prof-specialty,Husband,White,Male,0,1977,50,United-States,>50K
46,Federal-gov,213140,Masters,14,Married-civ-spouse,Exec-managerial,Husband,White,Male,0,1977,40,United-States,>50K
52,Private,168553,HS-grad,9,Married-civ-spouse,Craft-repair,Husband,White,Male,0,1977,40,United-States,>50K
45,Private,363677,Doctorate,16,Married-civ-spouse,Prof-specialty,Wife,White,Female,0,1977,30,United-States,>50K
37,Private,241998,Bachelors,13,Married-civ-spouse,Tech-support,Husband,White,Male,0,1977,40,United-States,>50K
46,Private,337050,Masters,14,Married-civ-spouse,Exec-managerial,Husband,White,Male,0,1977,45,United-States,>50K
44,Private,157249,Bachelors,13,Married-civ-spouse,Prof-specialty,Husband,Black,Male,0,1977,50,United-States,<50K
45,Private,84298,Assoc-voc,11,Married-civ-spouse,Exec-managerial,Husband,White,Male,0,1977,50,United-States,>50K
43,Private,55213,HS-grad,9,Married-civ-spouse,Machine-op-inspct,Husband,White,Male,0,1977,52,United-States,>50K
54,Local-gov,185846,Masters,14,Married-civ-spouse,Prof-specialty,Husband,White,Male,0,1977,40,United-States,>50K
50,Private,150999,Masters,14,Married-civ-spouse,Prof-specialty,Husband,White,Male,0,1977,40,United-States,>50K
51,Private,199688,Bachelors,13,Married-civ-spouse,Exec-managerial,Husband,White,Male,0,1977,60,?,>50K
45,Private,225456,Bachelors,13,Married-civ-spouse,Prof-specialty,Husband,White,Male,0,1977,40,United-States,>50K
36,Private,192939,Masters,14,Married-civ-spouse,Prof-specialty,Husband,White,Male,0,1977,60,United-States,>50K
27,Private,183627,Bachelors,13,Married-civ-spouse,Exec-managerial,Husband,White,Male,0,1977,50,United-States,>50K
36,Private,189404,Bachelors,13,Married-civ-spouse,Sales,Husband,White,Male,0,1977,35,United-States,>50K
53,Private,152810,Masters,14,Married-civ-spouse,Exec-managerial,Husband,White,Male,0,1977,55,United-States,>50K
51,Local-gov,123011,Masters,14,Married-civ-spouse,Prof-specialty,Husband,White,Male,0,1977,35,United-States,>50K
28,Private,114158,Bachelors,13,Married-civ-spouse,Prof-specialty,Wife,White,Female,0,1977,24,United-States,>50K
47,Self-emp-not-inc,228660,Some-college,10,Married-civ-spouse,Craft-repair,Husband,White,Male,0,1977,40,United-States,>50K
45,Private,233511,Bachelors,13,Married-civ-spouse,Exec-managerial,Husband,White,Male,0,1977,60,United-States,>50K
45,Local-gov,159816,Masters,14,Married-civ-spouse,Prof-specialty,Wife,White,Female,0,1977,35,United-States,>50K
39,Self-emp-not-inc,202027,Prof-school,15,Married-civ-spouse,Prof-specialty,Husband,White,Male,0,1977,50,United-States,>50K
39,Private,218490,Bachelors,13,Married-civ-spouse,Exec-managerial,Husband,White,Male,0,1977,40,United-States,>50K
55,Self-emp-not-inc,248841,Masters,14,Married-civ-spouse,Prof-specialty,Husband,White,Male,0,1977,40,United-States,>50K
62,Private,71751,Some-college,10,Married-civ-spouse,Exec-managerial,Husband,White,Male,0,1977,98,United-States,>50K
49,Private,137192,Bachelors,13,Married-civ-spouse,Sales,Husband,Asian-Pac-Islander,Male,0,1977,50,South,<50K
53,Self-emp-not-inc,100109,Masters,14,Married-civ-spouse,Exec-managerial,Husband,White,Male,0,1977,40,United-States,>50K
31,Private,183043,Masters,14,Married-civ-spouse,Exec-managerial,Husband,White,Male,0,1977,48,United-States,>50K
42,Self-emp-inc,188738,HS-grad,9,Married-civ-spouse,Exec-managerial,Husband,White,Male,0,1977,60,Italy,>50K
39,Private,201410,Bachelors,13,Married-civ-spouse,Transport-moving,Husband,White,Male,0,1977,45,Philippines,>50K
60,Self-emp-not-inc,282066,Bachelors,13,Married-civ-spouse,Exec-managerial,Husband,White,Male,0,1977,45,United-States,>50K
26,Private,291968,Prof-school,15,Married-civ-spouse,Prof-specialty,Husband,White,Male,0,1977,40,United-States,>50K
37,Private,126569,Masters,14,Married-civ-spouse,Exec-managerial,Husband,White,Male,0,1977,40,United-States,>50K
45,State-gov,103406,Bachelors,13,Married-civ-spouse,Exec-managerial,Husband,White,Male,0,1977,60,United-States,>50K
37,Private,109133,Assoc-acdm,12,Married-civ-spouse,Sales,Husband,White,Male,0,1977,45,United-States,>50K
32,Private,195602,Bachelors,13,Married-civ-spouse,Sales,Husband,White,Male,0,1977,45,United-States,>50K
39,Self-emp-inc,135500,HS-grad,9,Married-civ-spouse,Exec-managerial,Husband,White,Male,0,1977,40,United-States,>50K
58,Self-emp-not-inc,147653,10th,6,Married-civ-spouse,Craft-repair,Wife,White,Female,0,1977,35,?,>50K
45,Private,145636,Masters,14,Married-civ-spouse,Exec-managerial,Husband,White,Male,0,1977,43,United-States,>50K
41,Private,137126,Bachelors,13,Married-civ-spouse,Prof-specialty,Husband,White,Male,0,1977,45,United-States,>50K
36,Self-emp-not-inc,36270,HS-grad,9,Married-civ-spouse,Farming-fishing,Husband,White,Male,0,1977,65,United-States,>50K
51,State-gov,285747,Masters,14,Married-civ-spouse,Prof-specialty,Husband,White,Male,0,1977,60,United-States,>50K
39,Private,80324,Some-college,10,Married-civ-spouse,Exec-managerial,Husband,White,Male,0,1977,62,United-States,>50K
56,Self-emp-not-inc,94156,Prof-school,15,Married-civ-spouse,Prof-specialty,Husband,White,Male,0,1977,50,United-States,>50K
53,Federal-gov,271544,HS-grad,9,Married-civ-spouse,Adm-clerical,Husband,Black,Male,0,1977,40,United-States,<50K
40,Self-emp-not-inc,175943,Assoc-voc,11,Married-civ-spouse,Prof-specialty,Wife,White,Female,0,1977,15,United-States,>50K
57,Private,141570,Masters,14,Married-civ-spouse,Exec-managerial,Husband,Black,Male,0,1977,40,United-States,<50K
50,Local-gov,124963,HS-grad,9,Married-civ-spouse,Craft-repair,Husband,White,Male,0,1977,35,United-States,>50K
34,Private,112115,Prof-school,15,Married-civ-spouse,Prof-specialty,Husband,White,Male,0,1977,55,United-States,>50K
35,Private,99357,Bachelors,13,Married-civ-spouse,Exec-managerial,Wife,White,Female,0,1977,30,United-States,>50K
30,Self-emp-not-inc,404062,HS-grad,9,Married-civ-spouse,Prof-specialty,Husband,White,Male,0,1977,15,United-States,>50K
53,Local-gov,200190,Masters,14,Married-civ-spouse,Prof-specialty,Husband,White,Male,0,1977,55,United-States,>50K
31,State-gov,207505,Doctorate,16,Married-civ-spouse,Prof-specialty,Husband,White,Male,0,1977,70,United-States,>50K
37,Private,135436,Bachelors,13,Married-civ-spouse,Exec-managerial,Husband,White,Male,0,1977,60,United-States,>50K
34,Private,345705,Bachelors,13,Married-civ-spouse,Sales,Husband,White,Male,0,1977,50,United-States,>50K
36,Private,126675,Masters,14,Married-civ-spouse,Prof-specialty,Husband,White,Male,0,1977,50,United-States,>50K
40,Private,107433,Bachelors,13,Married-civ-spouse,Exec-managerial,Husband,White,Male,0,1977,50,United-States,>50K
51,Private,230858,Some-college,10,Married-civ-spouse,Craft-repair,Husband,White,Male,0,1977,60,United-States,>50K
33,Private,133503,HS-grad,9,Married-civ-spouse,Sales,Husband,White,Male,0,1977,45,United-States,>50K
40,Private,46990,Doctorate,16,Married-civ-spouse,Prof-specialty,Wife,White,Female,0,1977,20,United-States,>50K
50,Self-emp-inc,201689,7th-8th,4,Married-civ-spouse,Craft-repair,Husband,White,Male,0,1977,63,?,>50K
46,Self-emp-inc,216414,Masters,14,Married-civ-spouse,Sales,Husband,White,Male,0,1977,60,United-States,>50K
54,Private,182314,Doctorate,16,Married-civ-spouse,Exec-managerial,Husband,White,Male,0,1977,50,United-States,>50K
39,Private,134367,Masters,14,Married-civ-spouse,Prof-specialty,Wife,White,Female,0,1977,24,United-States,>50K
54,Self-emp-inc,206964,Some-college,10,Married-civ-spouse,Sales,Husband,White,Male,0,1977,40,United-States,>50K
31,Private,147284,Doctorate,16,Married-civ-spouse,Prof-specialty,Husband,White,Male,0,1977,99,United-States,>50K
51,Private,172046,Masters,14,Married-civ-spouse,Exec-managerial,Husband,White,Male,0,1977,50,United-States,>50K
55,Private,175942,Doctorate,16,Married-civ-spouse,Prof-specialty,Husband,White,Male,0,1977,55,?,>50K
36,Private,145576,Masters,14,Married-civ-spouse,Adm-clerical,Husband,White,Male,0,1977,40,Japan,>50K
41,Self-emp-inc,93227,Bachelors,13,Married-civ-spouse,Exec-managerial,Husband,Asian-Pac-Islander,Male,0,1977,60,Taiwan,<50K
56,Self-emp-not-inc,48102,Some-college,10,Married-civ-spouse,Exec-managerial,Wife,White,Female,0,1977,50,United-States,>50K
38,Private,172538,Bachelors,13,Married-civ-spouse,Tech-support,Husband,White,Male,0,1977,40,United-States,>50K
47,Private,239865,HS-grad,9,Married-civ-spouse,Craft-repair,Husband,White,Male,0,1977,45,United-States,>50K
39,Local-gov,180686,Masters,14,Married-civ-spouse,Prof-specialty,Husband,White,Male,0,1977,45,United-States,>50K
59,Private,170104,Bachelors,13,Married-civ-spouse,Exec-managerial,Husband,White,Male,0,1977,50,United-States,>50K
54,Private,511668,Doctorate,16,Married-civ-spouse,Exec-managerial,Husband,White,Male,0,1977,43,United-States,>50K
54,Self-emp-not-inc,109418,Bachelors,13,Married-civ-spouse,Exec-managerial,Wife,White,Female,0,1977,35,United-States,>50K
31,Private,110643,Bachelors,13,Married-civ-spouse,Exec-managerial,Husband,White,Male,0,1977,55,United-States,>50K
59,Self-emp-inc,122390,Some-college,10,Married-civ-spouse,Exec-managerial,Husband,White,Male,0,1977,48,United-States,>50K
